_lenr0c86,00000000-0000-0000-0009-00000eb38011
turtleduck840,5525ff22-130d-4c18-a503-5314c178eda5
_cauvangcr,00000000-0000-0000-0009-01f36d423429
haile160,fa9b3373-854e-471c-b7eb-3557fad8ef00
czar_penguin,7620f177-0f1b-4054-a93f-66ebfabfd4ac
lucidlullaby,22a5a2bf-b36b-4027-aac1-846da587d8d5
turtlegaming840,f967640b-fefd-4ed8-b7cf-b7c264bbccb5
alexzaza,70bdfcec-63f2-4867-bce7-9dcb8a1cc847
find_wicked,72585eda-ca88-4ad8-8225-2488fc08ee1e
_freakyy7590,00000000-0000-0000-0009-01f8693867d2
_thoughtsheet14,00000000-0000-0000-0009-01f68749c986
jarons,1e8cd8aa-cc0e-43d7-839f-03443d198794
certizz,02347207-d19a-4714-9f1e-9336eb7fa4c1
_sagejiriaya,00000000-0000-0000-0009-01fdb72e1f92
mr_matthews,7a960f07-7f84-407a-a2f1-2d8237fcf649
doddy06,0810209a-89b2-4af3-b88c-a6eabc1a3c8f
rageofheaven,6801a887-ecf0-423c-9eea-64d363d68061
tyler882d1,8c2df748-e482-4a43-b0cc-9bae0004bbb2
_noobe_doobe6363,00000000-0000-0000-0009-01f4218ca71d
_iii_skrt_iii926,00000000-0000-0000-0009-01fcade98e81
xgalacticgodx,5f75ca2e-e92f-4d7f-9bfa-f68f923bfaa2
_issahunnahmane,00000000-0000-0000-0009-000008043a3e
mun_cheez,d8866b68-f2a1-40f6-b2cb-0d3f165813ad
_beardedcocaire,00000000-0000-0000-0009-01f7176db5cd
_macmanson187,00000000-0000-0000-0009-01fe41619f0e
lamaanna,7d0375dd-eed3-4335-bcde-e7dd1b477b7e
mrzpricey73,0ac26dad-8609-49dc-8767-603733836e99
_pnnicolas,00000000-0000-0000-0009-01f2c6a1fcd3
biglittleben,0658687a-8fec-4dd6-9e5e-229e821b8dfd
_mrsshmeethumb,00000000-0000-0000-0009-01f70c26f232
muribaka89,e279167f-7f17-47a6-80fe-d165a311b438
eclipsemc420,89aae02e-1988-4194-ac0f-c9e1e4f7a673
gamingzation,cab9e78e-beb8-452b-ae73-549429d9f86a
_davona60,00000000-0000-0000-0009-01f157051a20
trixe,3cfc693f-d814-42d9-b115-542364ca7e1c
spenceronline,7343c5cd-ba9e-4b4c-8c98-16021be1e06e
amenemopet,d18c72e1-7fd8-45af-9175-e4e56aafbc81
_simplysav,cf41cc71-329a-4199-928a-82806b6a4217
swagdaddy278,8bcd53ee-3041-4c0c-a987-2531f85aa23f
_bluntbaby666,00000000-0000-0000-0009-01fc6630a672
_deathnerd77,00000000-0000-0000-0009-000007282a61
_drksiren2020,00000000-0000-0000-0009-01f7c0da23b6
_skoot2011,00000000-0000-0000-0009-01f953edc44e
_nixragnarson,00000000-0000-0000-0009-01fc92da1c83
_aj3904,00000000-0000-0000-0009-01fe3c3951a7
shadowy__duckie,e5d49ddf-4834-49f8-9b67-9102ee78c879
_itsmonstress,00000000-0000-0000-0009-01fb2370700e
_shmeethumb,00000000-0000-0000-0009-84e04e050641
_iamfriendbesto,00000000-0000-0000-0009-01fdb2ffd1bd
ecgredneck,1e6ab987-863b-4bee-923c-732a4f6c300f
_charahc,00000000-0000-0000-0009-01f5b9cbde33
_earthymama42,00000000-0000-0000-0009-00000bd59520
_gryffydd89,00000000-0000-0000-0009-000005d695cb
bigboiugly35659,f4c70b99-f30c-4e92-a123-a6f701b07ea5
_sierralovesyou2,00000000-0000-0000-0009-01f819623247
stabaho187,cd0d7160-3681-4ab9-b39e-07247af9ed2a
_blazecode6067,00000000-0000-0000-0009-01f669ed4f18
_lily_riley_roxi,00000000-0000-0000-0009-01f3cc4f7597
bigbeast89,35016980-8de5-4af4-903a-06a442c010f1
monaxide,21716c5c-f569-4659-9479-390619e0a4e3
_cooljayice,00000000-0000-0000-0009-01f8233dcb63
_da_royal_banana,00000000-0000-0000-0009-01ff6e8d9121
_angelpink1991,00000000-0000-0000-0009-01f9994bb2dd
_xavierxray8655,00000000-0000-0000-0009-01fbbd06f99b
khuetran1224,52a0d180-d90d-4ccc-8d21-81342f350074
maddogselite1,1bd008b6-7148-4469-8c32-2f84560bc395
_mc0oz,00000000-0000-0000-0009-01f7b6e0c59d
_lowerlevelll,00000000-0000-0000-0009-000007ff375b
_rainbowowl88378,00000000-0000-0000-0009-01f700638099
_trippy115,00000000-0000-0000-0009-01feff48f482
_ogloc_bruh,00000000-0000-0000-0009-01ff8600ccec
_dazed6977,00000000-0000-0000-0009-01f8fd4728f3
_rudydrills0222,00000000-0000-0000-0009-01fad7a017be
_mrbrink53,00000000-0000-0000-0009-01f4c33ffad5
_shadowgiver902,00000000-0000-0000-0009-01f66f825095
sloth85,e540b1f7-cc26-40a9-bb03-06d0aa852a8a
_gonzodepp,00000000-0000-0000-0009-00000a1c3ad2
pr0j3ct_echo,f6919374-8e02-4c3c-ab07-c307970af59b
_s1rj0nes,00000000-0000-0000-0009-00000d8997f9
_stillnym1988517,00000000-0000-0000-0009-01f072d9efa3
_vcloutphobia,00000000-0000-0000-0009-01fd3d99b32a
_hexx590,00000000-0000-0000-0009-00000de63ca4
johnheikens,52d5df8f-4d13-46bf-9369-403a647db6e0
doogie728,177eb773-2aae-4c0d-9d0c-0289cd85c1be
_crazymexican938,00000000-0000-0000-0009-01fb443b3af9
t0iiialuminati,b4288c8a-7217-4b9a-94ce-21022863c5a2
athwee,18024028-0734-4790-bf8b-7a5b1db9f218
blackcats96,bc3b18c5-61d3-48fd-92e8-b4662cf0802d
sketchy_panda,7d6257b7-b9f1-4a40-9d6a-763e86a3c0b6
_ikkaku420235,00000000-0000-0000-0009-01f3ccb3d09c
xxtroy_90xx,f5f2c89b-7b5e-434d-a2f8-e2668c975f16
_xxtroy90xx,00000000-0000-0000-0009-000003f9101d
_shyp4nd4,00000000-0000-0000-0009-01f1fa0058a5
_blinkandurdead0,00000000-0000-0000-0009-0000055f81cc
_wildernesboy,00000000-0000-0000-0009-01fc01305daa
elohim9822,a19efac0-25fb-46a5-b679-b43178d35363
_netherkicks,00000000-0000-0000-0009-01f4218ca71d
_natiri607,00000000-0000-0000-0009-01f9996b516d
_sfn2048,00000000-0000-0000-0009-01fcebff2a4d
_kirito2579pepvp,00000000-0000-0000-0009-01fe0dacbaa0
_miarkraim,00000000-0000-0000-0009-0000055480a3
_kenpachi4202357,00000000-0000-0000-0009-01f9ffe1ab16
_daytimekeeper,00000000-0000-0000-0009-01f0a5c7b06e
_vampires_heart6,00000000-0000-0000-0009-000005ba7df4
tsumo_kun,13403ed9-e727-4da7-8770-5319651e01fc
_kittowl822,00000000-0000-0000-0009-01f765a3d526
papi_grande2214,eb59cde7-26a8-4f62-8206-c4f30416915a
yeetthedirtblok,b076cbc1-eac5-4148-8485-bebd1d7e07fa
_steverm9403,00000000-0000-0000-0009-00000af3fda6
hathorill,c97c7014-6a8c-41b7-83b7-90e17ee82818
_mrzpriceless73,00000000-0000-0000-0009-00000aada933
_turningcupid,00000000-0000-0000-0009-00000314bc50
_stabaho187,00000000-0000-0000-0009-000007c38676
black00widow,b6488ad1-76fd-4964-adad-f7e2fb616511
radmobilegaming,211e16ad-bbca-4b93-8f85-9fd61bd241f7
boopydoopy2350,79fbd1f2-258c-48a4-b119-c6c9b5ce0db8
laizer101,d074db4a-fa15-4bfb-a92f-c918abc97a93
mysteryshac,86209deb-63fd-4c72-8119-20ce03660710
_ajkiller31,00000000-0000-0000-0009-01f114af389c
_parrotgirl4333,00000000-0000-0000-0009-01f1a1044bef
amin_nasir91,0cd7a12a-ea7a-4485-b657-5482d5c1a1e2
_hotashml,00000000-0000-0000-0009-01ff791a3c23
kingkaitertot,dc0ae546-25cf-475f-8d8d-034e3352df04
progmr2007,68447c19-d31c-4ba4-b820-d9d2277f03b5
squishiedragon,687cdac7-f97f-4a19-a900-1d8e9ab88748
